Affia Francois,http://195.56.77.208/player/AFF-FRA-93/affia_francois
Aldi Alessandro,http://195.56.77.208/player/ALD-ALE-90/aldi_alessandro
Anosike O.D.,http://195.56.77.208/player/ANO-ODE-91/anosike_o_d
Archie Dominique,http://195.56.77.208/player/ARC-DOM-87/archie_dominique
Armwood Isaiah,http://195.56.77.208/player/ARM-ISA-90/armwood_isaiah
Awudu Abass Abass,http://195.56.77.208/player/ABA-AWU/awudu_abass_abass
Balanzoni Jacopo,http://195.56.77.208/player/BAL-JAC-93/balanzoni_jacopo
Baldi Rossi Filippo,http://195.56.77.208/player/BAL-FIL-91/baldi_rossi_filippo
Banks Adrian,http://195.56.77.208/player/BAN-ADR-86/banks_adrian
Baparapè Biram,http://195.56.77.208/player/BAP-BIR/baparap__biram
Basile Gianluca,http://195.56.77.208/player/BAS-GIA-75/basile_gianluca
Basile Nicolò,http://195.56.77.208/player/BAS-NIC-95/basile_nicol
Bell James,http://195.56.77.208/player/BEL-JAM-92/bell_james
Bellan Simone,http://195.56.77.208/player/BEL-SIM-96/bellan_simone
Benetti Gabriele,http://195.56.77.208/player/BEN-GAB/benetti_gabriele
Bertocchi Edoardo,http://195.56.77.208/player/BER-EDO-96/bertocchi_edoardo
Bianchi Tommaso,http://195.56.77.208/player/BIA-TOM-96/bianchi_tommaso
Bianconi Corrado,http://195.56.77.208/player/BIA-COR/bianconi_corrado
Bloise Giacomo,http://195.56.77.208/player/BLO-GIA/bloise_giacomo
Bolpin Riccardo,http://195.56.77.208/player/BOL-RIC-97/bolpin_riccardo
Bozzetti Andrea,http://195.56.77.208/player/BOZ-AND/bozzetti_andrea
Brooks Jeff,http://195.56.77.208/player/BRO-JEF-89/brooks_jeff
Brooks MarShon,http://195.56.77.208/player/BRO-MAR-89/brooks_marshon
Brown Gilbert,http://195.56.77.208/player/BRO-GIL-87/brown_gilbert
Bulleri Massimo,http://195.56.77.208/player/BUL-MAS-77/bulleri_massimo
Burgess Bradford,http://195.56.77.208/player/BUR-BRA-90/burgess_bradford
Buva Ivan,http://195.56.77.208/player/BUV-IVA-91/buva_ivan
Cadougan Junior,http://195.56.77.208/player/CAD-JUN-90/cadougan_junior
Callahan Craig,http://195.56.77.208/player/CAL-CRA-81/callahan_craig
Campani Luca,http://195.56.77.208/player/CAM-LUC/campani_luca
Capuano Lorenzo,http://195.56.77.208/player/CAP-LOR-00/capuano_lorenzo
Casella Andrea,http://195.56.77.208/player/CAS-AND-90/casella_andrea
Cattapan Riccardo,http://195.56.77.208/player/CAT-RIC/cattapan_riccardo
Cavaliero Daniele,http://195.56.77.208/player/CAV-DAN-84/cavaliero_daniele
Caverni Michele,http://195.56.77.208/player/CAV-MIC/caverni_michele
Cerella Bruno,http://195.56.77.208/player/Cer-Bru-86/cerella_bruno
Ceron Marco,http://195.56.77.208/player/CER-MAR-92/ceron_marco
Cervi Riccardo,http://195.56.77.208/player/CER-RIC-91/cervi_riccardo
Chessa Massimo,http://195.56.77.208/player/CHE-MAS-88/chessa_massimo
Cinciarini Andrea,http://195.56.77.208/player/CIN-AND-86/cinciarini_andrea
Cinciarini Daniele,http://195.56.77.208/player/CIN-DAN-83/cinciarini_daniele
Clark Cameron,http://195.56.77.208/player/CLA-CAM-91/clark_cameron
Colombo Stefano,http://195.56.77.208/player/COL-STE-00/colombo_stefano
Cortese Riccardo,http://195.56.77.208/player/COR-RIC/cortese_riccardo
Cournooh David Reginald,http://195.56.77.208/player/COU-DAV/cournooh_david_reginald
Crow Nicholas,http://195.56.77.208/player/CRO-NIC-89/crow_nicholas
Cuccarolo Gino,http://195.56.77.208/player/CUC-GIN-87/cuccarolo_gino
Cusin Marco,http://195.56.77.208/player/CUS-MAR-85/cusin_marco
D'Ercole Lorenzo,http://195.56.77.208/player/DER-LOR/d_ercole_lorenzo
Daniel Ed,http://195.56.77.208/player/DAN-EDW-90/daniel_ed
De Gennaro Matteo,http://195.56.77.208/player/DEG-MAT/de_gennaro_matteo
De Zeeuw Maxime,http://195.56.77.208/player/DEZ-MAX-87/de_zeeuw_maxime
Deane Willie,http://195.56.77.208/player/DEA-WIL-80/deane_willie
Della Valle Amedeo,http://195.56.77.208/player/DEL-AME-93/della_valle_amedeo
Denmon Marcus,http://195.56.77.208/player/DEN-MAR-90/denmon_marcus
Devecchi Giacomo,http://195.56.77.208/player/DEV-GIA/devecchi_giacomo
Di Salvatore Matteo,http://195.56.77.208/player/DIS-MAT/di_salvatore_matteo
Diawara Yakhouba,http://195.56.77.208/player/DIA-YAK-82/diawara_yakhouba
Diener Drake,http://195.56.77.208/player/DIE-DRA-81/diener_drake
Dulkys Deividas,http://195.56.77.208/player/DUL-DEI-88/dulkys_deividas
Dyson Jerome,http://195.56.77.208/player/DYS-JER-87/dyson_jerome
Ejim Melvin,http://195.56.77.208/player/EJI-MEL-91/ejim_melvin
Feldeine James,http://195.56.77.208/player/FEL-JAM-88/feldeine_james
Ferguson Jazzmar,http://195.56.77.208/player/FER-JAZ-88/ferguson_jazzmar
Filloy Ariel,http://195.56.77.208/player/Fil-Ari-87/filloy_ariel
Finamore Matteo,http://195.56.77.208/player/FIN-MAT/finamore_matteo
Fioravanti Matteo,http://195.56.77.208/player/FIO-MAT/fioravanti_matteo
Flaccadori Diego,http://195.56.77.208/player/FLA-DIE-96/flaccadori_diego
Flynn Jonny,http://195.56.77.208/player/FLY-JON-89/flynn_jonny
Fontana Davide,http://195.56.77.208/player/FON-DAV/fontana_davide
Fontecchio Simone,http://195.56.77.208/player/FON-SIM-95/fontecchio_simone
Forray Toto,http://195.56.77.208/player/FOR-TOT-86/forray_toto
Freeman Austin,http://195.56.77.208/player/FRE-AUS-89/freeman_austin
Fumagalli Carlo,http://195.56.77.208/player/FUM-CAR/fumagalli_carlo
Gaddy Abdul,http://195.56.77.208/player/GAD-ABD-92/gaddy_abdul
Gaines Frank,http://195.56.77.208/player/GAI-FRA-90/gaines_frank
Gaines Sundiata,http://195.56.77.208/player/Gai-Sun-86/gaines_sundiata
Gazzotti Giulio,http://195.56.77.208/player/GAZ-GIU-91/gazzotti_giulio
Gentile Alessandro,http://195.56.77.208/player/GEN-ALE-92/gentile_alessandro
Gentile Stefano,http://195.56.77.208/player/GEN-STE-89/gentile_stefano
Gibson Kyle,http://195.56.77.208/player/GIB-KYL-87/gibson_kyle
Gigli Angelo,http://195.56.77.208/player/GIG-ANG-83/gigli_angelo
Gilchrist Augustus,http://195.56.77.208/player/GIL-AUG-89/gilchrist_augustus
Gioia Lorenzo,http://195.56.77.208/player/GIO-LOR/gioia_lorenzo
Goss Phil,http://195.56.77.208/player/GOS-PHI-83/goss_phil
Grant Keaton,http://195.56.77.208/player/GRA-KEA-86/grant_keaton
Guisse Alioune,http://195.56.77.208/player/GUI-ALI/guisse_alioune
Hackett Daniel,http://195.56.77.208/player/HAC-DAN-87/hackett_daniel
Hall Langston,http://195.56.77.208/player/HAL-LAN-91/hall_langston
Hanga Adam,http://195.56.77.208/player/HAN-ADA-89/hanga_adam
Harper Demonte,http://195.56.77.208/player/HAR-DEM-89/harper_demonte
Harper Justin,http://195.56.77.208/player/HAR-JUS-89/harper_justin
Hayes Kenny,http://195.56.77.208/player/HAY-KEN-87/hayes_kenny
Hazell Jeremy,http://195.56.77.208/player/HAZ-JER-86/hazell_jeremy
Henry Sek,http://195.56.77.208/player/HEN-SEK-87/henry_sek
Hollis Damian,http://195.56.77.208/player/HOL-DAM-88/hollis_damian
Howell Richard,http://195.56.77.208/player/HOW-RIC-90/howell_richard
Hunt Dario,http://195.56.77.208/player/HUN-DAR-89/hunt_dario
Imbrò Matteo,http://195.56.77.208/player/IMB-MAT-94/imbr__matteo
Ivanov Dejan,http://195.56.77.208/player/IVA-DEJ-86/ivanov_dejan
James Delroy,http://195.56.77.208/player/JAM-DEL-87/james_delroy
James Shawn,http://195.56.77.208/player/JAM-SHA-83/james_shawn
Johnson Linton,http://195.56.77.208/player/JOH-LIN-80/johnson_linton
Johnson-Odom Darius,http://195.56.77.208/player/JOH-DAR-89/johnson-odom_darius
Jones Bobby,http://195.56.77.208/player/JON-BOB-84/jones_bobby
Jones DeQuan,http://195.56.77.208/player/JON-DEQ-90/jones_dequan
Judge Wally,http://195.56.77.208/player/JUD-WAL-90/judge_wally
Kangur Kristjan,http://195.56.77.208/player/KAN-KRI-82/kangur_kristjan
Karavdic Sedin,http://195.56.77.208/player/KAR-SED-95/karavdic_sedin
Kaukenas Rimantas,http://195.56.77.208/player/KAU-RIM-77/kaukenas_rimantas
Kleiza Linas,http://195.56.77.208/player/KLE-LIN-85/kleiza_linas
Kushchev Oleksandr,http://195.56.77.208/player/KUS-OLE-90/kushchev_oleksandr
Lagana' Marco,http://195.56.77.208/player/LAG-MAR-93/lagana__marco
Lavrinovic Darius,http://195.56.77.208/player/LAV-DAR-79/lavrinovic_darius
Lavrinovic Ksistof,http://195.56.77.208/player/LAV-KSI-79/lavrinovic_ksistof
Lawal Shane,http://195.56.77.208/player/LAW-SHA-86/lawal_shane
Lechthaler Luca,http://195.56.77.208/player/LEC-LUC-86/lechthaler_luca
Lepri Jacopo,http://195.56.77.208/player/LEP-JAC-95/lepri_jacopo
Logan David,http://195.56.77.208/player/LOG-DAV-82/logan_david
Magro Daniele,http://195.56.77.208/player/MAG-DAN-87/magro_daniele
Maspero Giacomo,http://195.56.77.208/player/MAS-GIA-92/maspero_giacomo
Mastellari Martino,http://195.56.77.208/player/MAS-MAR-96/mastellari_martino
Mays James,http://195.56.77.208/player/MAY-JAM-86/mays_james
Mazzola Valerio,http://195.56.77.208/player/Maz-Val-88/mazzola_valerio
Mbodj Cheikh,http://195.56.77.208/player/MBO-CHE-87/mbodj_cheikh
Meacham Trenton,http://195.56.77.208/player/MEA-TRE-85/meacham_trenton
Mei Nicola,http://195.56.77.208/player/MEI-NIC-85/mei_nicola
Melli Nicolò,http://195.56.77.208/player/MEL-NIC-91/melli_nicol
Merella Enrico,http://195.56.77.208/player/MAR-ENR/merella_enrico
Mian Fabio,http://195.56.77.208/player/MIA-FAB-92/mian_fabio
Michelori Andrea,http://195.56.77.208/player/MIC-AND-78/michelori_andrea
Milbourne Landon,http://195.56.77.208/player/MIL-LAN-87/milbourne_landon
Mitchell Tony,http://195.56.77.208/player/MIT-TON-89/mitchell_tony
Molteni Mattia,http://195.56.77.208/player/MOL-MAT/molteni_mattia
Moore Cameron Todd,http://195.56.77.208/player/MOO-CAM-90/moore_cameron_todd
Moore Ronald,http://195.56.77.208/player/MOO-RON-88/moore_ronald
Morciano Francesco,http://195.56.77.208/player/MOR-FRA-96/morciano_francesco
Mordente Marco,http://195.56.77.208/player/MOR-MAR-79/mordente_marco
Moretti Davide,http://195.56.77.208/player/MOR-DAV-98/moretti_davide
Morgan Jordan,http://195.56.77.208/player/MOR-JOR-91/morgan_jordan
Morgillo Ivan,http://195.56.77.208/player/MOR-IVA-92/morgillo_ivan
Moss David,http://195.56.77.208/player/Mos-Dav-83/moss_david
Motta Federico,http://195.56.77.208/player/MOT-FED/motta_federico
Mussini Federico,http://195.56.77.208/player/MUS-FED-96/mussini_federico
Musso Bernardo,http://195.56.77.208/player/Mus-Ber-86/musso_bernardo
Myles Anthony,http://195.56.77.208/player/MYL-ANT-92/myles_anthony
Nicevic Sandro,http://195.56.77.208/player/Nic-San-76/nicevic_sandro
Nikolic Stefan,http://195.56.77.208/player/NIK-STE-97/nikolic_stefan
Okoye Stanley,http://195.56.77.208/player/OKO-STA-91/okoye_stanley
Ortner Benjamin,http://195.56.77.208/player/ORT-BEN-83/ortner_benjamin
Owens Josh,http://195.56.77.208/player/OWE-JOS-88/owens_josh
Palladino Vincenzo,http://195.56.77.208/player/PAL-VIN-97/palladino_vincenzo
Pascolo Davide,http://195.56.77.208/player/PAS-DAV-90/pascolo_davide
Pastori Manuel,http://195.56.77.208/player/PAS-MAN/pastori_manuel
Pechacek Adam,http://195.56.77.208/player/PEC-ADA-95/pechacek_adam
Pecile Andrea,http://195.56.77.208/player/PEC-AND-80/pecile_andrea
Peric Hrvoje,http://195.56.77.208/player/PER-HRV-85/peric_hrvoje
Pietrini Umberto,http://195.56.77.208/player/PIE-UMB-96/pietrini_umberto
Pini Giovanni,http://195.56.77.208/player/PIN-GIO-92/pini_giovanni
Pisacane Luca,http://195.56.77.208/player/PIS-LUC/pisacane_luca
Polonara Achille,http://195.56.77.208/player/POL-ACH-91/polonara_achille
Portannese Marco,http://195.56.77.208/player/POR-MAR-89/portannese_marco
Poscic Matija,http://195.56.77.208/player/POS-MAT-85/poscic_matija
Pullazi Rei,http://195.56.77.208/player/PUL-REI-93/pullazi_rei
Ragland Joe,http://195.56.77.208/player/RAG-JOS-89/ragland_joe
Raspino Tommaso,http://195.56.77.208/player/RAS-TOM/raspino_tommaso
Rautins Andy,http://195.56.77.208/player/RAU-AND-86/rautins_andy
Ray Allan,http://195.56.77.208/player/RAY-ALL-84/ray_allan
Reddic Juvonte,http://195.56.77.208/player/RED-JUV-92/reddic_juvonte
Ress Tomas,http://195.56.77.208/player/RES-THO/ress_tomas
Robinson Dawan,http://195.56.77.208/player/ROB-DAW-82/robinson_dawan
Ross LaQuinton,http://195.56.77.208/player/ROS-LAQ-91/ross_laquinton
Rovatti Andrea,http://195.56.77.208/player/ROV-AND/rovatti_andrea
Ruzzier Michele,http://195.56.77.208/player/RUZ-MIC-93/ruzzier_michele
Sacchetti Brian,http://195.56.77.208/player/SAC-BRI-86/sacchetti_brian
Samuels Samardo,http://195.56.77.208/player/SAM-SAM-89/samuels_samardo
Sanders Jamarr,http://195.56.77.208/player/SAN-JAM-88/sanders_jamarr
Sanders Rakim,http://195.56.77.208/player/SAN-RAK-89/sanders_rakim
Sandri Daniele,http://195.56.77.208/player/SAN-DAN-90/sandri_daniele
Scott Carleton,http://195.56.77.208/player/SCO-CAR-88/scott_carleton
Sergio Luigi,http://195.56.77.208/player/SER-LUI-88/sergio_luigi
Severini Giovanni,http://195.56.77.208/player/SEV-GIO-93/severini_giovanni
Severini Luca,http://195.56.77.208/player/SEV-LUC-96/severini_luca
Siberna Giacomo,http://195.56.77.208/player/SIB-GIA-96/siberna_giacomo
Silins Ojars,http://195.56.77.208/player/SIL-OJA-93/silins_ojars
Simmons Cedric,http://195.56.77.208/player/SIM-CED-86/simmons_cedric
Solazzi Brandon,http://195.56.77.208/player/SOL-BRA/solazzi_brandon
Soragna Matteo,http://195.56.77.208/player/SOR-MAT-75/soragna_matteo
Sosa Edgar,http://195.56.77.208/player/SOS-EDG-88/sosa_edgar
Spanghero Marco,http://195.56.77.208/player/SPA-MAR-91/spanghero_marco
Spera Andrea,http://195.56.77.208/player/SPE-AND/spera_andrea
Stipcevic Rok,http://195.56.77.208/player/STI-ROK-86/stipcevic_rok
Stone Julyan,http://195.56.77.208/player/STO-JUL-88/stone_julyan
Strati Marco,http://195.56.77.208/player/STR-MAR-95/strati_marco
Tassinari Andrea,http://195.56.77.208/player/TAS-AND/tassinari_andrea
Taylor Donell,http://195.56.77.208/player/TAY-DON-82/taylor_donell
Tealdi Francesco,http://195.56.77.208/player/TEA-FRA/tealdi_francesco
Tessitori Amedeo,http://195.56.77.208/player/TES-AME-94/tessitori_amedeo
Testa Filippo,http://195.56.77.208/player/TES-FIL/testa_filippo
Tinsley Thomas,http://195.56.77.208/player/TIN-THO-96/tinsley_thomas
Todic Miroslav,http://195.56.77.208/player/TOD-MIR-85/todic_miroslav
Toffali Davide,http://195.56.77.208/player/TOF-DAV/toffali_davide
Tommasini Claudio,http://195.56.77.208/player/TOM-CLA/tommasini_claudio
Tortu' Lorenzo,http://195.56.77.208/player/TOR-LOR/tortu__lorenzo
Trasolini Marc,http://195.56.77.208/player/TRA-MAR-90/trasolini_marc
Triche Brandon,http://195.56.77.208/player/TRI-BRA-91/triche_brandon
Turner Elston,http://195.56.77.208/player/TUR-ELS-90/turner_elston
Vadi Enrico,http://195.56.77.208/player/VAD-ENR/vadi_enrico
Vanuzzo Manuel,http://195.56.77.208/player/VAN-MAN-75/vanuzzo_manuel
Veccia Francesco,http://195.56.77.208/player/VEC-FRA-93/veccia_francesco
Vercesi  Davide,http://195.56.77.208/player/VER-DAV/vercesi__davide
Vescovi Edoardo,http://195.56.77.208/player/VES-EDO/vescovi_edoardo
Viggiano Jeff,http://195.56.77.208/player/VIG-JEF-84/viggiano_jeff
Vinciguerra Antonio,http://195.56.77.208/player/VIN-ANT-97/vinciguerra_antonio
Vitali Luca,http://195.56.77.208/player/vit-luc/vitali_luca
Vitali Michele,http://195.56.77.208/player/VIT-MIC/vitali_michele
White Okaro,http://195.56.77.208/player/WHI-OKA-92/white_okaro
Williams C.J.,http://195.56.77.208/player/WIL-CJ-90/williams_c_j
Williams Eric,http://195.56.77.208/player/WIL-ERI-84/williams_eric
Williams Kendall,http://195.56.77.208/player/WIL-KEN-91/williams_kendall
Young Sam,http://195.56.77.208/player/YOU-SAM-85/young_sam
Zerini Andrea,http://195.56.77.208/player/ZER-AND-88/zerini_andrea
Zucca Dario,http://195.56.77.208/player/ZUC-DAR-96/zucca_dario
Zugno Ruben,http://195.56.77.208/player/ZUG-RUB/zugno_ruben
